dataset,stratum,n,laign_mean,laign_ci_low,laign_ci_high,fixed_fusion_mean,distance_mean,delta_fixed_mean,delta_fixed_ci_low,delta_fixed_ci_high,delta_distance_mean,delta_distance_ci_low,delta_distance_ci_high
PLINDER,all_resolved,773,0.9540680236961087,0.9493093184889076,0.9586340600212273,0.9317815027418053,0.7556415106143244,0.02228652095430325,0.017711894493313823,0.026993216279286705,0.1984265130817842,0.18656865299762354,0.21039701480080833
PLINDER,ccd_seen,401,0.9575593042638894,0.9515000483400337,0.9629604239237917,0.9397578351948072,0.7948601856520884,0.017801469069082115,0.012767960446316538,0.023090697957894358,0.1626991186118009,0.1494893947532677,0.17629426562847683
PLINDER,ccd_unseen,372,0.950304573406646,0.9424063152231555,0.9576280445697969,0.9231833594255315,0.7133654657483475,0.027121213981114205,0.019299976780771232,0.03517447801921384,0.23693910765829843,0.2183354451428984,0.25557772491933667
PLINDER,scaffold_seen,475,0.9573176106344602,0.9520204742492678,0.9625277237101743,0.9368172704247102,0.78674184731933,0.02050034020975009,0.015699167565213563,0.025374067990593704,0.17057576331513036,0.15750286148633985,0.18403626424427671
PLINDER,scaffold_unseen,257,0.9474193520680372,0.9374047430660759,0.9564641092002343,0.9208300574567366,0.6980176349408094,0.026589294611300485,0.01722380105115414,0.03587600409881171,0.24940171712722758,0.22714506115541608,0.2717283813653617
PLINDER,ringless,41,0.9580961898594571,0.9345755547062083,0.9770990712472554,0.9420871561291914,0.7565360499610487,0.016009033730265743,-0.012452529833998839,0.04999696077973523,0.20156013989840824,0.15223362626250472,0.25502857804002554
PLINDER,"tanimoto_[0.00,0.30)",125,0.9514534815700382,0.9385695471296778,0.9634193136094279,0.9168934984650466,0.6745266143843918,0.034559983104991455,0.019583490313869224,0.050364654746732414,0.2769268671856463,0.2440073146417286,0.3106297937948131
PLINDER,"tanimoto_[0.30,0.50)",165,0.9481818887843756,0.9357451099824367,0.9599805277387242,0.9271923170255731,0.7323393276962759,0.020989571758802592,0.01082851728417064,0.03157674801066547,0.2158425610880998,0.19000003561728032,0.24356508921829934
PLINDER,"tanimoto_[0.50,0.70)",46,0.9551094803303827,0.9327774256008489,0.9731021123253707,0.921346442388704,0.6986785741183994,0.033763037941678856,0.01029831600551984,0.06437977234010787,0.25643090621198317,0.2010643403819887,0.3160274683315615
PLINDER,"tanimoto_[0.70,1.00]",437,0.9569287171080493,0.9511597908510695,0.9625129122014233,0.9388712715152968,0.7936381176830477,0.018057445592752467,0.013285984367599174,0.023173125552725615,0.1632905994250016,0.150529186253125,0.17633335084296936
PLINDER,chemical_ood_tanimoto_lt_0.5,290,0.9495920580885405,0.9404000386423634,0.9580443970564706,0.9227531710943117,0.7074200547170155,0.026838886994228824,0.018071385672723393,0.03592609609544399,0.24217200337152503,0.22089524701159172,0.26352445006690395
PLINDER,joint_ood_seq_lt30_tanimoto_lt0.5_scaffold_unseen,25,0.9744705398137214,0.9592663603568148,0.9873523531582051,0.9287187892634862,0.6998669848429588,0.0457517505502354,0.01342510095544166,0.08274244195198728,0.2746035549707627,0.20072275698077383,0.3536845901886511
Temporal,all_resolved,66,0.9418091701527088,0.9162677701380347,0.9638791149812516,0.9348188059114314,0.7313687615699204,0.0069903642412774344,-0.009651786503972259,0.02320867250510113,0.21044040858278826,0.16960643852079385,0.25310121507532946
Temporal,ccd_seen,45,0.9327177643421597,0.8954014939754187,0.9633111657903852,0.9416670803975439,0.7210834748023704,-0.008949316055384116,-0.026895987199342778,0.005375955853223187,0.2116342895397891,0.15778926994645465,0.26441440013482564
Temporal,ccd_unseen,21,0.9612907540324568,0.9336316254259076,0.9834594397038481,0.9201439320126187,0.7534086617860989,0.0411468220198379,0.010309277729912778,0.07430596602638459,0.20788209224635787,0.1452488084752362,0.2745356906528731
Temporal,scaffold_seen,47,0.9426186193378985,0.9142676848903383,0.965142395409132,0.9524131444290137,0.7296163906852676,-0.009794525091115079,-0.027338735212959243,0.0041537271728513715,0.21300222865263102,0.16206945194251302,0.26565509957438393
Temporal,scaffold_unseen,12,0.9648553870839224,0.9392781197010995,0.9874599773589673,0.9236039070824424,0.7669680151498333,0.04125148000148001,0.016335951611519735,0.06779953632226356,0.1978873719340891,0.13790273200074335,0.26904030463200296
Temporal,ringless,7,0.8968664965986396,0.7377579365079365,0.9889810090702947,0.8359109310002167,0.6821073885155966,0.06095556559842275,-0.007188208616780045,0.14159048623334347,0.21475910808304294,0.06742012872025416,0.36668083900226756
Temporal,"tanimoto_[0.00,0.30)",11,0.9616604222733699,0.9358297832218287,0.9850708978808153,0.9166588077263008,0.7606961902062257,0.0450016145470691,0.01998777634211532,0.07218188835957431,0.20096423206714426,0.13314289798432347,0.28160259340063065
Temporal,"tanimoto_[0.30,0.50)",3,0.9921810699588477,0.9765432098765435,1.0,0.9962962962962963,0.8013505013505013,-0.004115226337448578,-0.012345679012345734,0.0,0.19083056860834638,0.03285634118967451,0.2836829836829836
Temporal,"tanimoto_[0.50,0.70)",2,0.9583333333333333,0.9166666666666666,1.0,0.8339285714285714,0.6104166666666666,0.1244047619047619,0.0,0.2488095238095238,0.34791666666666665,0.125,0.5708333333333333
Temporal,"tanimoto_[0.70,1.00]",50,0.93375861417057,0.8985012513853742,0.961445727341478,0.9391609654683826,0.7255559066792285,-0.0054023512978125495,-0.024022604724782768,0.010795932840757772,0.20820270749134134,0.15763583861621416,0.2584018377300282
Temporal,chemical_ood_tanimoto_lt_0.5,14,0.9682005610631153,0.9465444182991531,0.9877917158598976,0.9337239838484427,0.7694078283085704,0.034476577214672455,0.012042566200033794,0.0595641492346038,0.19879273275454473,0.13961773568442928,0.26753113700058284
Temporal,joint_ood_seq_lt30_tanimoto_lt0.5_scaffold_unseen,1,1.0,1.0,1.0,1.0,0.744047619047619,0.0,0.0,0.0,0.25595238095238104,0.25595238095238104,0.25595238095238104
Combined,all_resolved,839,0.9531036800323844,0.9482144901922391,0.9576874640694756,0.9320204324309534,0.7537320929302592,0.021083247601431137,0.016567333863577876,0.025482748718574824,0.19937158710212535,0.18801056095613625,0.21031768105894397
Combined,ccd_seen,446,0.9550528708637148,0.9487164142336859,0.9611519370109065,0.9399504720426171,0.7874163471134398,0.015102398821097854,0.010172770135834305,0.02010874528413782,0.16763652375027505,0.15458587870798718,0.18119831949778245
Combined,ccd_unseen,393,0.9508916212263457,0.9433596024517716,0.9580651667546024,0.9230209472736968,0.7155051785137237,0.027870673952649062,0.02028319558230581,0.03550929150327693,0.2353864427126222,0.2178510890598751,0.2532026754424432
Combined,scaffold_seen,522,0.9559941382380265,0.9504321719604782,0.9611737700170404,0.9382214966281627,0.7815983675074506,0.017772641609863766,0.013030522872739217,0.022862371871824765,0.17439577073057586,0.16144093057764486,0.18748088330035356
Combined,scaffold_unseen,269,0.9481971677564781,0.9389681210144409,0.9571986057847052,0.9209537979604855,0.7010934883330335,0.027243369795992508,0.01800834062510221,0.036280380322636384,0.24710367942344447,0.2256942618966066,0.2685325230737838
Combined,ringless,48,0.9491668595922546,0.9168087887367483,0.9734374856691563,0.9266031232978825,0.7456818701669202,0.022563736294371972,-0.004912120568153147,0.053437528993368184,0.2034849894253342,0.15476260577053788,0.2534042283618869
Combined,"tanimoto_[0.00,0.30)",136,0.9522790429504546,0.9396464876462799,0.9636566726652178,0.9168745161258834,0.6814962124288049,0.03540452682457126,0.020923891480460595,0.04969343317716515,0.27078283052164975,0.23969563383405984,0.3021920271410736
Combined,"tanimoto_[0.30,0.50)",168,0.9489675884482056,0.9365985590151868,0.9599049216766836,0.9284263166554074,0.7335716700829584,0.020541271792798105,0.010685464181414871,0.031087802240522003,0.21539591836524705,0.18959398001204483,0.24244909240611656
Combined,"tanimoto_[0.50,0.70)",48,0.9552438075388391,0.9344615952749723,0.9729282900652793,0.9177040310986984,0.695000994641244,0.03753977644014065,0.013159533427939962,0.06712433286921685,0.26024281289759493,0.20428263977583025,0.31999655939752936
Combined,"tanimoto_[0.70,1.00]",487,0.9545498564368501,0.9481082377577265,0.9602647099380025,0.9389010142209524,0.786648157621054,0.01564884221589774,0.010773090064118673,0.02032324406756846,0.16790169881579622,0.15565148161981052,0.18054839509658618
Combined,chemical_ood_tanimoto_lt_0.5,304,0.9504490286202644,0.941876457181903,0.9585353779741926,0.9232584058921994,0.7102747548166267,0.027190622728065043,0.019117533395808555,0.03577651760180964,0.24017427380363776,0.21973691407815293,0.2605711464233685
Combined,joint_ood_seq_lt30_tanimoto_lt0.5_scaffold_unseen,26,0.9754524421285784,0.9608512299726789,0.9877489553533587,0.9314603742918136,0.7015662400046766,0.043992067836764806,0.012958728806266901,0.07955883456120168,0.2738862021239019,0.20146522342251896,0.3480376076170463
