condition,n,method,estimate,ci_low,ci_high
All,785,LAIGN,0.9545665267754527,0.9497956462557238,0.9591793289985346
All,785,Fixed fusion,0.9323942256610219,0.9256906094221373,0.9388358325816991
All,785,Distance,0.754972087501202,0.7427758560979069,0.7668801574806271
Unseen CCD,372,LAIGN,0.950304573406646,0.9426027188575405,0.9575943560645985
Unseen CCD,372,Fixed fusion,0.9231833594255315,0.9115191312946976,0.9339363925861763
Unseen CCD,372,Distance,0.7133654657483475,0.6937227061631474,0.7327908999333879
Unseen scaffold,257,LAIGN,0.9474193520680372,0.9377077776067246,0.9568692483871324
Unseen scaffold,257,Fixed fusion,0.9208300574567366,0.9067569732075188,0.9335186901709245
Unseen scaffold,257,Distance,0.6980176349408094,0.6748245346628285,0.720203769598073
Tanimoto < 0.5,290,LAIGN,0.9495920580885405,0.9404462267267606,0.9580359958975739
Tanimoto < 0.5,290,Fixed fusion,0.9227531710943117,0.9103602286083518,0.9347745558229893
Tanimoto < 0.5,290,Distance,0.7074200547170155,0.6861345566651237,0.7291125125407072
Joint OOD,25,LAIGN,0.9744705398137217,0.9590157957825004,0.9873304857011675
Joint OOD,25,Fixed fusion,0.9287187892634862,0.8919726075509788,0.9607243485996326
Joint OOD,25,Distance,0.6998669848429588,0.6246860871143447,0.7741355728795015
