sample_id,ligand_ccd_code,unseen_ccd,max_train_tanimoto,graph_ap_fixed_fusion,graph_ap_laign
rcsb_temporal:postfreeze__10zk__ADP_F_302:10zk__ADP_F_302,ADP,False,1.0,0.9733333333333332,0.9733333333333332
rcsb_temporal:postfreeze__10zl__HCA_A_501:10zl__HCA_A_501,HCA,True,0.6666666666666666,1.0,1.0
rcsb_temporal:postfreeze__10zm__ADP_E_302:10zm__ADP_E_302,ADP,False,1.0,0.962730858884705,0.9653513153513154
rcsb_temporal:postfreeze__10zn__ADP_F_302:10zn__ADP_F_302,ADP,False,1.0,0.9999999999999998,0.9999999999999998
rcsb_temporal:postfreeze__13ct__MSE_A_40:13ct__MSE_A_40,MSE,False,1.0,0.4746031746031746,0.4355555555555555
rcsb_temporal:postfreeze__26qx__ANP_A_302:26qx__ANP_A_302,ANP,False,1.0,0.9888888888888892,1.0000000000000002
rcsb_temporal:postfreeze__26rc__ANP_C_301:26rc__ANP_C_301,ANP,False,1.0,0.9765432098765432,1.0
rcsb_temporal:postfreeze__26rv__HEM_A_201:26rv__HEM_A_201,HEM,True,,0.9999999999999998,0.9999999999999998
rcsb_temporal:postfreeze__27qy__TG1_A_1102:27qy__TG1_A_1102,TG1,True,0.2682926829268293,0.840956265956266,0.9254656959202414
rcsb_temporal:postfreeze__27qz__TG1_A_1102:27qz__TG1_A_1102,TG1,True,0.2682926829268293,0.7460245310245309,0.8693578643578643
rcsb_temporal:postfreeze__27ra__TG1_A_1102:27ra__TG1_A_1102,TG1,True,0.2682926829268293,1.0,1.0
rcsb_temporal:postfreeze__27rb__TG1_A_1102:27rb__TG1_A_1102,TG1,True,0.2682926829268293,0.8480122655122654,0.9263455988455987
rcsb_temporal:postfreeze__27rc__TG1_A_1102:27rc__TG1_A_1102,TG1,True,0.2682926829268293,0.9924242424242424,0.9924242424242424
rcsb_temporal:postfreeze__27rd__TG1_A_1102:27rd__TG1_A_1102,TG1,True,0.2682926829268293,0.8412257495590829,0.9467813051146384
rcsb_temporal:postfreeze__27re__TG1_A_1102:27re__TG1_A_1102,TG1,True,0.2682926829268293,0.9841597796143252,0.9924242424242424
rcsb_temporal:postfreeze__27rf__TG1_A_1102:27rf__TG1_A_1102,TG1,True,0.2682926829268293,0.8542535747081202,0.9254656959202414
rcsb_temporal:postfreeze__28io__NAD_A_301:28io__NAD_A_301,NAD,False,1.0,0.9488390397481308,0.9606060606060606
rcsb_temporal:postfreeze__28ip__NAD_A_301:28ip__NAD_A_301,NAD,False,1.0,0.9503174603174604,0.9714285714285714
rcsb_temporal:postfreeze__28iq__NAD_B_301:28iq__NAD_B_301,NAD,False,1.0,0.9999999999999998,0.9999999999999998
rcsb_temporal:postfreeze__28ir__NAD_A_301:28ir__NAD_A_301,NAD,False,1.0,0.9653679653679654,0.9606060606060608
rcsb_temporal:postfreeze__28is__NAD_B_301:28is__NAD_B_301,NAD,False,1.0,0.9999999999999998,0.9999999999999998
rcsb_temporal:postfreeze__28it__NAD_A_301:28it__NAD_A_301,NAD,False,1.0,0.9999999999999998,0.9999999999999998
rcsb_temporal:postfreeze__28iu__NAD_A_301:28iu__NAD_A_301,NAD,False,1.0,1.0,0.9935897435897436
rcsb_temporal:postfreeze__28iv__NAD_A_301:28iv__NAD_A_301,NAD,False,1.0,0.9562770562770564,0.9595404595404596
rcsb_temporal:postfreeze__28iw__NAD_A_301:28iw__NAD_A_301,NAD,False,1.0,0.9461760461760462,0.9674931129476584
rcsb_temporal:postfreeze__28ix__NAD_A_301:28ix__NAD_A_301,NAD,False,1.0,0.9999999999999998,0.9999999999999998
rcsb_temporal:postfreeze__28ll__NAD_A_301:28ll__NAD_A_301,NAD,False,1.0,0.9805194805194806,0.9606060606060606
rcsb_temporal:postfreeze__28lm__NAD_A_301:28lm__NAD_A_301,NAD,False,1.0,0.9786891679748824,0.9846415489272632
rcsb_temporal:postfreeze__36mb__PRO_A_102:36mb__PRO_A_102,PRO,False,1.0,1.0,1.0
rcsb_temporal:postfreeze__9hvs__UEP_A_501:9hvs__UEP_A_501,UEP,True,0.7450980392156863,0.9263455988455987,0.9809090909090908
rcsb_temporal:postfreeze__9hvt__PRO_A_504:9hvt__PRO_A_504,PRO,False,1.0,1.0,1.0
rcsb_temporal:postfreeze__9hvv__U6M_A_501:9hvv__U6M_A_501,U6M,True,0.7755102040816326,1.0,1.0
rcsb_temporal:postfreeze__9hvz__ACO_A_401:9hvz__ACO_A_401,ACO,False,1.0,0.8943452380952381,0.8209145021645021
rcsb_temporal:postfreeze__9hwi__ACO_A_401:9hwi__ACO_A_401,ACO,False,1.0,0.9285714285714284,0.8715213358070499
rcsb_temporal:postfreeze__9l0a__CLA_B_802:9l0a__CLA_B_802,CLA,True,,0.8344122147693576,1.0
rcsb_temporal:postfreeze__9l9c__AMP_a_502:9l9c__AMP_a_502,AMP,False,1.0,0.9166666666666664,0.8055555555555556
rcsb_temporal:postfreeze__9lwe__HEM_A_401:9lwe__HEM_A_401,HEM,True,,0.9266418766418766,0.9796825396825396
rcsb_temporal:postfreeze__9n29__2PM_R_501:9n29__2PM_R_501,2PM,True,0.2972972972972973,1.0,1.0
rcsb_temporal:postfreeze__9o6r__XEU_A_303:9o6r__XEU_A_303,XEU,True,0.3492063492063492,1.0,1.0
rcsb_temporal:postfreeze__9pl3__HIS_A_602:9pl3__HIS_A_602,HIS,False,1.0,0.8041666666666667,0.8928571428571428
rcsb_temporal:postfreeze__9pl4__HIS_B_602:9pl4__HIS_B_602,HIS,False,1.0,0.95,0.95
rcsb_temporal:postfreeze__9pl6__HIS_A_602:9pl6__HIS_A_602,HIS,False,1.0,0.95,0.8928571428571428
rcsb_temporal:postfreeze__9rtc__G_H_302:9rtc__G_H_302,G,True,1.0,0.8666666666666667,0.7555555555555555
rcsb_temporal:postfreeze__9rtf__NAG_A_703:9rtf__NAG_A_703,NAG,False,1.0,1.0,1.0
rcsb_temporal:postfreeze__9rtq__ANP_D_901:9rtq__ANP_D_901,ANP,False,1.0,0.9472222222222222,0.9519230769230768
rcsb_temporal:postfreeze__9rtr__ANP_A_901:9rtr__ANP_A_901,ANP,False,1.0,0.8976190476190475,0.8121315192743763
rcsb_temporal:postfreeze__9rts__ADP_D_901:9rts__ADP_D_901,ADP,False,1.0,0.9666666666666666,0.9266666666666664
rcsb_temporal:postfreeze__9rum__FAD_A_501:9rum__FAD_A_501,FAD,False,1.0,0.9021789542184904,0.9371820887445887
rcsb_temporal:postfreeze__9run__FAD_A_501:9run__FAD_A_501,FAD,False,1.0,0.9195568578308516,0.9484839841108856
rcsb_temporal:postfreeze__9t5j__GDP_B_401:9t5j__GDP_B_401,GDP,False,1.0,1.0,1.0
rcsb_temporal:postfreeze__9tf9__9JI_A_1001:9tf9__9JI_A_1001,9JI,True,0.746268656716418,1.0,1.0
rcsb_temporal:postfreeze__9ueh__KCX_C_73:9ueh__KCX_C_73,KCX,True,0.6551724137931034,0.6678571428571428,0.9166666666666666
rcsb_temporal:postfreeze__9vlv__EH9_A_402:9vlv__EH9_A_402,EH9,True,0.4468085106382978,0.9888888888888892,0.9765432098765434
rcsb_temporal:postfreeze__9vmh__ADP_A_1201:9vmh__ADP_A_1201,ADP,False,1.0,0.8289638932496075,0.7877551020408162
rcsb_temporal:postfreeze__9voy__X9H_A_1101:9voy__X9H_A_1101,X9H,True,0.3018867924528302,1.0,1.0
rcsb_temporal:postfreeze__9vry__NDP_A_301:9vry__NDP_A_301,NDP,False,1.0,0.867513520559739,0.8864631516942441
rcsb_temporal:postfreeze__9vrz__NDP_A_301:9vrz__NDP_A_301,NDP,False,1.0,0.9513553801365676,0.9895953479430988
rcsb_temporal:postfreeze__9vs0__NAP_B_301:9vs0__NAP_B_301,NAP,False,1.0,0.951157656044874,0.9439643689643687
rcsb_temporal:postfreeze__9vsg__EPE_A_405:9vsg__EPE_A_405,EPE,False,1.0,0.7916666666666666,0.5
rcsb_temporal:postfreeze__9vsh__FPP_A_401:9vsh__FPP_A_401,FPP,False,1.0,1.0000000000000002,1.0000000000000002
rcsb_temporal:postfreeze__9vt7__NAP_A_501:9vt7__NAP_A_501,NAP,False,1.0,1.0,1.0
rcsb_temporal:postfreeze__9vtx__CGO_C_201:9vtx__CGO_C_201,CGO,True,,1.0,1.0
rcsb_temporal:postfreeze__9vu0__POV_D_901:9vu0__POV_D_901,POV,True,1.0,0.79001739001739,0.9791666666666669
rcsb_temporal:postfreeze__9vud__NAG_E_1:9vud__NAG_E_1,NAG,False,1.0,1.0,1.0
rcsb_temporal:postfreeze__9vuh__LZE_A_801:9vuh__LZE_A_801,LZE,True,0.2857142857142857,1.0,1.0
rcsb_temporal:postfreeze__9vus__AKG_A_1301:9vus__AKG_A_1301,AKG,False,1.0,0.9704861111111112,0.9704861111111112
rcsb_temporal:postfreeze__9vv6__ITN_A_1301:9vv6__ITN_A_1301,ITN,False,1.0,0.9484126984126984,0.976190476190476
rcsb_temporal:postfreeze__9vvf__7YY_A_401:9vvf__7YY_A_401,7YY,True,0.2095238095238095,0.9761904761904762,1.0
rcsb_temporal:postfreeze__9w6x__SAM_A_201:9w6x__SAM_A_201,SAM,False,1.0,0.9381313131313131,0.975
rcsb_temporal:postfreeze__9wny__C8X_A_401:9wny__C8X_A_401,C8X,False,1.0,0.9480519480519478,0.9999999999999998
