method,k,n,estimate,ci_low,ci_high
LAIGN,5,98,0.30924036281179135,0.23497448979591834,0.38560090702947847
LAIGN,10,98,0.5336734693877551,0.44654053287981865,0.6214314058956915
Fixed fusion,5,98,0.319047619047619,0.24115221088435373,0.39965986394557823
Fixed fusion,10,98,0.495578231292517,0.40934948979591834,0.5818069727891155
Distance,5,98,0.33707482993197285,0.2613945578231292,0.41870748299319727
Distance,10,98,0.5039115646258503,0.4171768707482993,0.5918409863945577
Raw interaction,5,98,0.2797619047619047,0.20391156462585036,0.35748724489795913
Raw interaction,10,98,0.4120748299319728,0.32805697278911566,0.4966028911564625
ProLIF,5,98,0.2947278911564626,0.22227465986394557,0.3726232993197279
ProLIF,10,98,0.40408163265306124,0.3209183673469388,0.4877551020408163
PLIP,5,98,0.23537414965986395,0.16700255102040817,0.3085076530612244
PLIP,10,98,0.3431972789115646,0.26360544217687076,0.4244940476190476
