seed,auprc,component
2401,0.7066483960458255,Distance only
2402,0.6930662309607396,Distance only
2403,0.6998082535304453,Distance only
2401,0.8105510292602299,Pair-MLP
2402,0.8132815584521824,Pair-MLP
2403,0.8119618609163515,Pair-MLP
2401,0.914335969598131,Scalar ViSNet
2402,0.9179003354831407,Scalar ViSNet
2403,0.9097267481380862,Scalar ViSNet
2401,0.9347516941157203,Typed multi-scale
2402,0.9421088254037829,Typed multi-scale
2403,0.9368108761293299,Typed multi-scale
2401,0.9515865039556953,LAIGN consensus
2402,0.9504472225745298,LAIGN consensus
2403,0.9505950578734981,LAIGN consensus
