perturb_seed,condition,method,graph_ap
-1,Native,LAIGN,0.9459232602269142
-1,Native,Fixed fusion,0.928580970514919
8101,0.5 A + 5 deg,LAIGN,0.882188346741462
8101,0.5 A + 5 deg,Fixed fusion,0.8669460324019863
8101,1 A + 10 deg,LAIGN,0.8170555112018885
8101,1 A + 10 deg,Fixed fusion,0.7839575988224758
8101,2 A + 20 deg,LAIGN,0.6761962904237733
8101,2 A + 20 deg,Fixed fusion,0.6154568625257829
8102,0.5 A + 5 deg,LAIGN,0.8771334093458518
8102,0.5 A + 5 deg,Fixed fusion,0.8634388513873821
8102,1 A + 10 deg,LAIGN,0.7910687233645165
8102,1 A + 10 deg,Fixed fusion,0.7553829963252324
8102,2 A + 20 deg,LAIGN,0.6312447805652757
8102,2 A + 20 deg,Fixed fusion,0.5828097661669646
8103,0.5 A + 5 deg,LAIGN,0.8636967538004144
8103,0.5 A + 5 deg,Fixed fusion,0.8529488096998635
8103,1 A + 10 deg,LAIGN,0.7971756554081203
8103,1 A + 10 deg,Fixed fusion,0.7736739482954694
8103,2 A + 20 deg,LAIGN,0.6616683081678896
8103,2 A + 20 deg,Fixed fusion,0.60748527762777
8104,0.5 A + 5 deg,LAIGN,0.8475330818499464
8104,0.5 A + 5 deg,Fixed fusion,0.8382235404151926
8104,1 A + 10 deg,LAIGN,0.7621797112945572
8104,1 A + 10 deg,Fixed fusion,0.7379589689209114
8104,2 A + 20 deg,LAIGN,0.6054083530963672
8104,2 A + 20 deg,Fixed fusion,0.5561557379828308
8105,0.5 A + 5 deg,LAIGN,0.8716902740862733
8105,0.5 A + 5 deg,Fixed fusion,0.8596286995800401
8105,1 A + 10 deg,LAIGN,0.7948070672702102
8105,1 A + 10 deg,Fixed fusion,0.7628603329374835
8105,2 A + 20 deg,LAIGN,0.6668274586545051
8105,2 A + 20 deg,Fixed fusion,0.6099747239193837
