sample_id,mutation_count
platinum:platinum__1A4H_A_GDM_A_300:1A4H__GDM_A_300,1
platinum:platinum__1A4H_A_GDM_A_300:1A4H__GDM_A_300,1
platinum:platinum__1A4H_A_GDM_A_300:1A4H__GDM_A_300,1
platinum:platinum__1A4H_A_GDM_A_300:1A4H__GDM_A_300,1
platinum:platinum__1A4H_A_GDM_A_300:1A4H__GDM_A_300,1
platinum:platinum__1A4H_A_GDM_A_300:1A4H__GDM_A_300,1
platinum:platinum__1A4H_A_GDM_A_300:1A4H__GDM_A_300,1
platinum:platinum__1AKQ_A_FMN_A_149:1AKQ__FMN_A_149,1
platinum:platinum__1AKU_A_FMN_A_150:1AKU__FMN_A_150,1
platinum:platinum__1AKV_A_FMN_A_152:1AKV__FMN_A_152,2
platinum:platinum__1AMK_A_PGA_A_600:1AMK__PGA_A_600,1
platinum:platinum__1AMW_A_ADP_A_300:1AMW__ADP_A_300,1
platinum:platinum__1AMW_A_ADP_A_300:1AMW__ADP_A_300,1
platinum:platinum__1AMW_A_ADP_A_300:1AMW__ADP_A_300,1
platinum:platinum__1AMW_A_ADP_A_300:1AMW__ADP_A_300,1
platinum:platinum__1AMW_A_ADP_A_300:1AMW__ADP_A_300,1
platinum:platinum__1AMW_A_ADP_A_300:1AMW__ADP_A_300,1
platinum:platinum__1AMW_A_ADP_A_300:1AMW__ADP_A_300,1
platinum:platinum__1B74_A_DGN_A_538:1B74__DGN_A_538,1
platinum:platinum__1B74_A_DGN_A_538:1B74__DGN_A_538,1
platinum:platinum__1BF3_A_PHB_A_396:1BF3__PHB_A_396,2
platinum:platinum__1BV9_A_XV6_A_638:1BV9__XV6_A_638,1
platinum:platinum__1BWB_A_146_B_641:1BWB__146_B_641,1
platinum:platinum__1BWB_A_146_B_641:1BWB__146_B_641,1
platinum:platinum__1CNQ_A_F6P_A_339:1CNQ__F6P_A_339,1
platinum:platinum__1DF8_A_BTN_A_201:1DF8__BTN_A_201,1
platinum:platinum__1DLR_A_MXA_A_188:1DLR__MXA_A_188,2
platinum:platinum__1E2K_A_TMC_A_500:1E2K__TMC_A_500,1
platinum:platinum__1EGH_A_PGA_A_201:1EGH__PGA_A_201,1
platinum:platinum__1FLM_A_FMN_A_123:1FLM__FMN_A_123,3
platinum:platinum__1FLM_A_FMN_A_123:1FLM__FMN_A_123,2
platinum:platinum__1FLV_A_FMN_A_170:1FLV__FMN_A_170,4
platinum:platinum__1FLV_A_FMN_A_170:1FLV__FMN_A_170,3
platinum:platinum__1FSG_A_PRP_A_303:1FSG__PRP_A_303,1
platinum:platinum__1G6S_A_GPJ_A_701:1G6S__GPJ_A_701,1
platinum:platinum__1G6S_A_GPJ_A_701:1G6S__GPJ_A_701,1
platinum:platinum__1G6T_A_S3P_A_601:1G6T__S3P_A_601,1
platinum:platinum__1G6T_A_S3P_A_601:1G6T__S3P_A_601,1
platinum:platinum__1GNO_A_U0E_B_101:1GNO__U0E_B_101,1
platinum:platinum__1GNO_A_U0E_B_101:1GNO__U0E_B_101,2
platinum:platinum__1GZ4_A_ATP_A_601:1GZ4__ATP_A_601,1
platinum:platinum__1GZ4_A_ATP_A_601:1GZ4__ATP_A_601,1
platinum:platinum__1GZF_A_NAD_A_1248:1GZF__NAD_A_1248,1
platinum:platinum__1GZF_A_NAD_A_1248:1GZF__NAD_A_1248,1
platinum:platinum__1H0A_A_I3P_A_1164:1H0A__I3P_A_1164,2
platinum:platinum__1HK1_A_T44_A_3003:1HK1__T44_A_3003,2
platinum:platinum__1HK4_A_T44_A_1008:1HK4__T44_A_1008,1
platinum:platinum__1HLD_A_PFB_A_1001:1HLD__PFB_A_1001,1
platinum:platinum__1HNN_A_SKF_A_3001:1HNN__SKF_A_3001,1
platinum:platinum__1HNN_A_SKF_A_3001:1HNN__SKF_A_3001,1
platinum:platinum__1HNN_A_SKF_A_3001:1HNN__SKF_A_3001,1
platinum:platinum__1HNN_A_SKF_A_3001:1HNN__SKF_A_3001,1
platinum:platinum__1IYK_A_MIM_A_502:1IYK__MIM_A_502,1
platinum:platinum__1IYK_A_MIM_A_502:1IYK__MIM_A_502,1
platinum:platinum__1IYK_A_MIM_A_502:1IYK__MIM_A_502,1
platinum:platinum__1IYK_A_MIM_A_502:1IYK__MIM_A_502,1
platinum:platinum__1IYK_A_MIM_A_502:1IYK__MIM_A_502,1
platinum:platinum__1IYK_A_MIM_A_502:1IYK__MIM_A_502,1
platinum:platinum__1IYK_A_MIM_A_502:1IYK__MIM_A_502,1
platinum:platinum__1IYK_A_MIM_A_502:1IYK__MIM_A_502,1
platinum:platinum__1IYK_A_MIM_A_502:1IYK__MIM_A_502,1
platinum:platinum__1IYK_A_MIM_A_502:1IYK__MIM_A_502,1
platinum:platinum__1IYK_A_MIM_A_502:1IYK__MIM_A_502,1
platinum:platinum__1IYK_A_MIM_A_502:1IYK__MIM_A_502,1
platinum:platinum__1IYK_A_MIM_A_502:1IYK__MIM_A_502,1
platinum:platinum__1IYK_A_MIM_A_502:1IYK__MIM_A_502,1
platinum:platinum__1IYK_A_MIM_A_502:1IYK__MIM_A_502,1
platinum:platinum__1IYK_A_MIM_A_502:1IYK__MIM_A_502,1
platinum:platinum__1IYK_A_MIM_A_502:1IYK__MIM_A_502,1
platinum:platinum__1IYK_A_MIM_A_502:1IYK__MIM_A_502,1
platinum:platinum__1IYK_A_MIM_A_502:1IYK__MIM_A_502,1
platinum:platinum__1IYK_A_MIM_A_502:1IYK__MIM_A_502,2
platinum:platinum__1J3I_A_WRA_A_609:1J3I__WRA_A_609,2
platinum:platinum__1J3I_A_WRA_A_609:1J3I__WRA_A_609,3
platinum:platinum__1JPZ_A_140_A_1470:1JPZ__140_A_1470,1
platinum:platinum__1K3L_A_GTX_A_5100:1K3L__GTX_A_5100,1
platinum:platinum__1KC7_A_PPR_A_1000:1KC7__PPR_A_1000,1
platinum:platinum__1KDK_A_DHT_A_301:1KDK__DHT_A_301,1
platinum:platinum__1KDK_A_DHT_A_301:1KDK__DHT_A_301,1
platinum:platinum__1KDK_A_DHT_A_301:1KDK__DHT_A_301,1
platinum:platinum__1KDK_A_DHT_A_301:1KDK__DHT_A_301,1
platinum:platinum__1KDK_A_DHT_A_301:1KDK__DHT_A_301,1
platinum:platinum__1L7E_A_NAI_A_701:1L7E__NAI_A_701,2
platinum:platinum__1L7E_A_NAI_A_701:1L7E__NAI_A_701,2
platinum:platinum__1L7E_A_NAI_A_701:1L7E__NAI_A_701,2
platinum:platinum__1L7E_A_NAI_A_701:1L7E__NAI_A_701,2
platinum:platinum__1LO7_A_4CO_A_170:1LO7__4CO_A_170,1
platinum:platinum__1LO8_A_4CA_A_170:1LO8__4CA_A_170,1
platinum:platinum__1MAR_A_ZST_A_351:1MAR__ZST_A_351,1
platinum:platinum__1MAR_A_ZST_A_351:1MAR__ZST_A_351,1
platinum:platinum__1MAR_A_ZST_A_351:1MAR__ZST_A_351,2
platinum:platinum__1MAR_A_ZST_A_351:1MAR__ZST_A_351,1
platinum:platinum__1MAR_A_ZST_A_351:1MAR__ZST_A_351,1
platinum:platinum__1MAR_A_ZST_A_351:1MAR__ZST_A_351,1
platinum:platinum__1MAR_A_ZST_A_351:1MAR__ZST_A_351,1
platinum:platinum__1MPW_A_TMH_A_1450:1MPW__TMH_A_1450,1
platinum:platinum__1MPW_A_TMH_A_1450:1MPW__TMH_A_1450,1
platinum:platinum__1MPW_A_TMH_A_1450:1MPW__TMH_A_1450,1
platinum:platinum__1MUI_A_AB1_B_100:1MUI__AB1_B_100,1
platinum:platinum__1MUI_A_AB1_B_100:1MUI__AB1_B_100,1
platinum:platinum__1MUI_A_AB1_B_100:1MUI__AB1_B_100,1
platinum:platinum__1N7I_A_LY1_A_3002:1N7I__LY1_A_3002,1
platinum:platinum__1N7I_A_LY1_A_3002:1N7I__LY1_A_3002,1
platinum:platinum__1N7I_A_LY1_A_3002:1N7I__LY1_A_3002,1
platinum:platinum__1N7I_A_LY1_A_3002:1N7I__LY1_A_3002,1
platinum:platinum__1N7J_A_IDI_A_3003:1N7J__IDI_A_3003,1
platinum:platinum__1N7J_A_IDI_A_3003:1N7J__IDI_A_3003,1
platinum:platinum__1N7J_A_IDI_A_3003:1N7J__IDI_A_3003,1
platinum:platinum__1N7J_A_IDI_A_3003:1N7J__IDI_A_3003,1
platinum:platinum__1N92_A_NAJ_A_377:1N92__NAJ_A_377,2
platinum:platinum__1N92_A_NAJ_A_377:1N92__NAJ_A_377,1
platinum:platinum__1N92_A_NAJ_A_377:1N92__NAJ_A_377,3
platinum:platinum__1NH0_A_KI2_I_1:1NH0__KI2_I_1,1
platinum:platinum__1NJB_A_UMP_A_317:1NJB__UMP_A_317,16
platinum:platinum__1NJE_A_DCM_A_317:1NJE__DCM_A_317,20
platinum:platinum__1O0N_A_U3P_A_1101:1O0N__U3P_A_1101,1
platinum:platinum__1OGZ_A_EQU_A_1126:1OGZ__EQU_A_1126,1
platinum:platinum__1OH0_A_EQU_A_1128:1OH0__EQU_A_1128,1
platinum:platinum__1OSS_A_BEN_A_246:1OSS__BEN_A_246,3
platinum:platinum__1P6H_A_DP1_A_790:1P6H__DP1_A_790,1
platinum:platinum__1P6J_A_DP9_A_799:1P6J__DP9_A_799,1
platinum:platinum__1P6L_A_DP1_A_790:1P6L__DP1_A_790,1
platinum:platinum__1P6N_A_DP9_A_799:1P6N__DP9_A_799,1
platinum:platinum__1P7T_A_ACO_A_800:1P7T__ACO_A_800,1
platinum:platinum__1P7T_A_PYR_A_810:1P7T__PYR_A_810,1
platinum:platinum__1PWM_A_FID_A_1320:1PWM__FID_A_1320,1
platinum:platinum__1PWM_A_FID_A_1320:1PWM__FID_A_1320,1
platinum:platinum__1PWM_A_FID_A_1320:1PWM__FID_A_1320,2
platinum:platinum__1PWM_A_FID_A_1320:1PWM__FID_A_1320,1
platinum:platinum__1PWM_A_FID_A_1320:1PWM__FID_A_1320,1
platinum:platinum__1PWM_A_FID_A_1320:1PWM__FID_A_1320,1
platinum:platinum__1Q6C_A_GLC_A_496:1Q6C__GLC_A_496,1
platinum:platinum__1Q6C_A_GLC_A_496:1Q6C__GLC_A_496,1
platinum:platinum__1Q6C_A_GLC_A_496:1Q6C__GLC_A_496,1
platinum:platinum__1QY1_A_PRZ_A_300:1QY1__PRZ_A_300,1
platinum:platinum__1RTD_A_TTP_A_700:1RTD__TTP_A_700,2
platinum:platinum__1RTD_A_TTP_A_700:1RTD__TTP_A_700,1
platinum:platinum__1SDT_A_MK1_B_902:1SDT__MK1_B_902,1
platinum:platinum__1SDT_A_MK1_B_902:1SDT__MK1_B_902,1
platinum:platinum__1SGU_A_MK1_B_2632:1SGU__MK1_B_2632,1
platinum:platinum__1SGU_A_MK1_B_2632:1SGU__MK1_B_2632,1
platinum:platinum__1SGU_A_MK1_B_2632:1SGU__MK1_B_2632,1
platinum:platinum__1SH9_A_RIT_B_301:1SH9__RIT_B_301,1
platinum:platinum__1SH9_A_RIT_B_301:1SH9__RIT_B_301,1
platinum:platinum__1SH9_A_RIT_B_301:1SH9__RIT_B_301,1
platinum:platinum__1SYH_A_CPW_A_501:1SYH__CPW_A_501,1
platinum:platinum__1THY_A_UMP_A_317:1THY__UMP_A_317,5
platinum:platinum__1TPH_1_PGH_1_250:1TPH__PGH_1_250,1
platinum:platinum__1TPZ_A_GDP_A_1500:1TPZ__GDP_A_1500,1
platinum:platinum__1TPZ_A_GDP_A_1500:1TPZ__GDP_A_1500,1
platinum:platinum__1TPZ_A_GDP_A_1500:1TPZ__GDP_A_1500,1
platinum:platinum__1TPZ_A_GDP_A_1500:1TPZ__GDP_A_1500,2
platinum:platinum__1TSL_A_A15_A_318:1TSL__A15_A_318,1
platinum:platinum__1TSL_A_A15_A_318:1TSL__A15_A_318,1
platinum:platinum__1TSL_A_A15_A_318:1TSL__A15_A_318,1
platinum:platinum__1TSM_A_MR2_A_318:1TSM__MR2_A_318,1
platinum:platinum__1TSM_A_MR2_A_318:1TSM__MR2_A_318,1
platinum:platinum__1U5B_A_TDP_A_601:1U5B__TDP_A_601,4
platinum:platinum__1U72_A_MTX_A_188:1U72__MTX_A_188,8
platinum:platinum__1US0_A_LDT_A_320:1US0__LDT_A_320,4
platinum:platinum__1VKJ_A_A3P_A_602:1VKJ__A3P_A_602,1
platinum:platinum__1VKJ_A_A3P_A_602:1VKJ__A3P_A_602,1
platinum:platinum__1VKJ_A_A3P_A_602:1VKJ__A3P_A_602,1
platinum:platinum__1VKJ_A_A3P_A_602:1VKJ__A3P_A_602,1
platinum:platinum__1W4Q_A_UMF_A_1125:1W4Q__UMF_A_1125,1
platinum:platinum__1W96_A_S1A_A_1567:1W96__S1A_A_1567,2
platinum:platinum__1W96_A_S1A_A_1567:1W96__S1A_A_1567,2
platinum:platinum__1W96_A_S1A_A_1567:1W96__S1A_A_1567,2
platinum:platinum__1W96_A_S1A_A_1567:1W96__S1A_A_1567,1
platinum:platinum__1W96_A_S1A_A_1567:1W96__S1A_A_1567,1
platinum:platinum__1WCQ_A_DAN_A_1651:1WCQ__DAN_A_1651,2
platinum:platinum__1XJB_A_NAP_A_1001:1XJB__NAP_A_1001,1
platinum:platinum__1XJB_A_NAP_A_1001:1XJB__NAP_A_1001,1
platinum:platinum__1YON_A_APX_A_501:1YON__APX_A_501,2
platinum:platinum__1YON_A_APX_A_501:1YON__APX_A_501,2
platinum:platinum__1YZ3_A_SKA_A_3001:1YZ3__SKA_A_3001,1
platinum:platinum__1YZ3_A_SKA_A_3001:1YZ3__SKA_A_3001,1
platinum:platinum__1YZ3_A_SKA_A_3001:1YZ3__SKA_A_3001,1
platinum:platinum__1YZ3_A_SKA_A_3001:1YZ3__SKA_A_3001,1
platinum:platinum__2AMA_A_DHT_A_1001:2AMA__DHT_A_1001,1
platinum:platinum__2AOD_A_2NC_B_400:2AOD__2NC_B_400,1
platinum:platinum__2AOD_A_2NC_B_400:2AOD__2NC_B_400,1
platinum:platinum__2AQU_A_DR7_B_300:2AQU__DR7_B_300,1
platinum:platinum__2AQU_A_DR7_B_300:2AQU__DR7_B_300,1
platinum:platinum__2AQU_A_DR7_B_300:2AQU__DR7_B_300,1
platinum:platinum__2BMK_B_PDD_B_1217:2BMK__PDD_B_1217,1
platinum:platinum__2BPX_A_MK1_B_902:2BPX__MK1_B_902,1
platinum:platinum__2BPX_A_MK1_B_902:2BPX__MK1_B_902,1
platinum:platinum__2BPX_A_MK1_B_902:2BPX__MK1_B_902,1
platinum:platinum__2C80_A_GTX_A_1212:2C80__GTX_A_1212,2
platinum:platinum__2CA8_A_GSH_A_1212:2CA8__GSH_A_1212,1
platinum:platinum__2CA8_A_GSH_A_1212:2CA8__GSH_A_1212,3
platinum:platinum__2CC7_A_LUM_A_1068:2CC7__LUM_A_1068,5
platinum:platinum__2CC7_A_LUM_A_1068:2CC7__LUM_A_1068,1
platinum:platinum__2CCB_A_RBF_A_1067:2CCB__RBF_A_1067,6
platinum:platinum__2CCB_A_RBF_A_1067:2CCB__RBF_A_1067,1
platinum:platinum__2CCC_A_LFN_A_1067:2CCC__LFN_A_1067,1
platinum:platinum__2CCC_A_LFN_A_1067:2CCC__LFN_A_1067,1
platinum:platinum__2DOR_A_ORO_A_313:2DOR__ORO_A_313,1
platinum:platinum__2DOR_A_ORO_A_313:2DOR__ORO_A_313,1
platinum:platinum__2DOR_A_ORO_A_313:2DOR__ORO_A_313,1
platinum:platinum__2DOR_A_ORO_A_313:2DOR__ORO_A_313,1
platinum:platinum__2DOR_A_ORO_A_313:2DOR__ORO_A_313,1
platinum:platinum__2DOR_A_ORO_A_313:2DOR__ORO_A_313,1
platinum:platinum__2DOR_A_ORO_A_313:2DOR__ORO_A_313,1
platinum:platinum__2DOR_A_ORO_A_313:2DOR__ORO_A_313,1
platinum:platinum__2DOR_A_ORO_A_313:2DOR__ORO_A_313,1
platinum:platinum__2DOR_A_ORO_A_313:2DOR__ORO_A_313,1
platinum:platinum__2E22_A_MAN_A_1001:2E22__MAN_A_1001,1
platinum:platinum__2E7F_A_C2F_A_3000:2E7F__C2F_A_3000,3
platinum:platinum__2FZD_A_TOL_A_317:2FZD__TOL_A_317,1
platinum:platinum__2G70_A_HNT_A_5001:2G70__HNT_A_5001,1
platinum:platinum__2G71_A_FTS_A_3001:2G71__FTS_A_3001,1
platinum:platinum__2G72_A_F21_A_4001:2G72__F21_A_4001,1
platinum:platinum__2GMK_A_AMP_A_941:2GMK__AMP_A_941,1
platinum:platinum__2GMK_A_AMP_A_941:2GMK__AMP_A_941,1
platinum:platinum__2H4N_A_AZM_A_264:2H4N__AZM_A_264,4
platinum:platinum__2HA0_A_CHH_A_1602:2HA0__CHH_A_1602,1
platinum:platinum__2HA3_A_CHT_A_951:2HA3__CHT_A_951,1
platinum:platinum__2HDK_A_COI_B_900:2HDK__COI_B_900,1
platinum:platinum__2HDK_A_COI_B_900:2HDK__COI_B_900,1
platinum:platinum__2IEN_A_017_B_402:2IEN__017_B_402,1
platinum:platinum__2IEN_A_017_B_402:2IEN__017_B_402,1
platinum:platinum__2II4_A_COA_A_500:2II4__COA_A_500,1
platinum:platinum__2II4_A_COA_A_500:2II4__COA_A_500,1
platinum:platinum__2II4_A_COA_A_500:2II4__COA_A_500,1
platinum:platinum__2II4_A_COA_A_500:2II4__COA_A_500,1
platinum:platinum__2II4_A_COA_A_500:2II4__COA_A_500,1
platinum:platinum__2IKI_A_388_A_600:2IKI__388_A_600,4
platinum:platinum__2IKI_A_388_A_600:2IKI__388_A_600,1
platinum:platinum__2IKI_A_388_A_600:2IKI__388_A_600,1
platinum:platinum__2INE_A_PAC_A_317:2INE__PAC_A_317,1
platinum:platinum__2INZ_A_OHP_A_317:2INZ__OHP_A_317,1
platinum:platinum__2ITY_A_IRE_A_2020:2ITY__IRE_A_2020,1
platinum:platinum__2JBZ_A_COA_B_1126:2JBZ__COA_B_1126,1
platinum:platinum__2JBZ_A_COA_B_1126:2JBZ__COA_B_1126,1
platinum:platinum__2JBZ_A_COA_B_1126:2JBZ__COA_B_1126,1
platinum:platinum__2JBZ_A_COA_B_1126:2JBZ__COA_B_1126,1
platinum:platinum__2O2Q_A_NAP_A_903:2O2Q__NAP_A_903,2
platinum:platinum__2O2Q_A_NAP_A_903:2O2Q__NAP_A_903,1
platinum:platinum__2O2R_A_NDP_A_903:2O2R__NDP_A_903,1
platinum:platinum__2OFW_A_ADX_A_1100:2OFW__ADX_A_1100,1
platinum:platinum__2OFW_A_ADX_A_1100:2OFW__ADX_A_1100,1
platinum:platinum__2OFW_A_ADX_A_1100:2OFW__ADX_A_1100,1
platinum:platinum__2ONY_A_TMJ_A_2001:2ONY__TMJ_A_2001,1
platinum:platinum__2PDG_A_47D_A_600:2PDG__47D_A_600,1
platinum:platinum__2PDG_A_47D_A_600:2PDG__47D_A_600,1
platinum:platinum__2PDG_A_47D_A_600:2PDG__47D_A_600,2
platinum:platinum__2PDG_A_47D_A_600:2PDG__47D_A_600,1
platinum:platinum__2PDG_A_47D_A_600:2PDG__47D_A_600,1
platinum:platinum__2PDG_A_47D_A_600:2PDG__47D_A_600,1
platinum:platinum__2PQL_A_TSS_A_145:2PQL__TSS_A_145,1
platinum:platinum__2PQL_A_TSS_A_145:2PQL__TSS_A_145,1
platinum:platinum__2PQL_A_TSS_A_145:2PQL__TSS_A_145,1
platinum:platinum__2PZN_A_393_A_320:2PZN__393_A_320,1
platinum:platinum__2PZN_A_393_A_320:2PZN__393_A_320,1
platinum:platinum__2PZN_A_393_A_320:2PZN__393_A_320,2
platinum:platinum__2PZN_A_393_A_320:2PZN__393_A_320,1
platinum:platinum__2PZN_A_393_A_320:2PZN__393_A_320,1
platinum:platinum__2Q2A_A_ARG_A_904:2Q2A__ARG_A_904,1
platinum:platinum__2Q2A_A_ARG_A_904:2Q2A__ARG_A_904,1
platinum:platinum__2Q2A_A_ARG_A_904:2Q2A__ARG_A_904,1
platinum:platinum__2Q2A_A_ARG_A_904:2Q2A__ARG_A_904,1
platinum:platinum__2Q2A_A_ARG_A_904:2Q2A__ARG_A_904,1
platinum:platinum__2Q2A_A_ARG_A_904:2Q2A__ARG_A_904,1
platinum:platinum__2Q2A_A_ARG_A_904:2Q2A__ARG_A_904,1
platinum:platinum__2Q64_A_1UN_B_1001:2Q64__1UN_B_1001,1
platinum:platinum__2Q64_A_1UN_B_1001:2Q64__1UN_B_1001,1
platinum:platinum__2Q64_A_1UN_B_1001:2Q64__1UN_B_1001,1
platinum:platinum__2Q88_A_4CS_A_501:2Q88__4CS_A_501,1
platinum:platinum__2Q88_A_4CS_A_501:2Q88__4CS_A_501,1
platinum:platinum__2Q88_A_4CS_A_501:2Q88__4CS_A_501,3
platinum:platinum__2Q88_A_4CS_A_501:2Q88__4CS_A_501,3
platinum:platinum__2Q88_A_4CS_A_501:2Q88__4CS_A_501,2
platinum:platinum__2Q89_A_6CS_A_501:2Q89__6CS_A_501,1
platinum:platinum__2Q89_A_6CS_A_501:2Q89__6CS_A_501,3
platinum:platinum__2Q89_A_6CS_A_501:2Q89__6CS_A_501,3
platinum:platinum__2Q89_A_6CS_A_501:2Q89__6CS_A_501,2
platinum:platinum__2QEH_A_SRO_A_145:2QEH__SRO_A_145,1
platinum:platinum__2QEH_A_SRO_A_145:2QEH__SRO_A_145,1
platinum:platinum__2QEH_A_SRO_A_145:2QEH__SRO_A_145,1
platinum:platinum__2QEH_A_SRO_A_145:2QEH__SRO_A_145,1
platinum:platinum__2QEH_A_SRO_A_145:2QEH__SRO_A_145,1
platinum:platinum__2QEH_A_SRO_A_145:2QEH__SRO_A_145,1
platinum:platinum__2QFS_A_S3P_A_701:2QFS__S3P_A_701,2
platinum:platinum__2QFT_A_GPJ_A_801:2QFT__GPJ_A_801,2
platinum:platinum__2R0H_A_CTO_A_165:2R0H__CTO_A_165,1
platinum:platinum__2R5P_A_MK1_B_902:2R5P__MK1_B_902,1
platinum:platinum__2R5P_A_MK1_B_902:2R5P__MK1_B_902,1
platinum:platinum__2R5P_A_MK1_B_902:2R5P__MK1_B_902,1
platinum:platinum__2R5Q_A_1UN_B_900:2R5Q__1UN_B_900,1
platinum:platinum__2R5Q_A_1UN_B_900:2R5Q__1UN_B_900,1
platinum:platinum__2R5Q_A_1UN_B_900:2R5Q__1UN_B_900,1
platinum:platinum__2RDE_A_C2E_A_301:2RDE__C2E_A_301,1
platinum:platinum__2TDM_A_UMP_A_317:2TDM__UMP_A_317,2
platinum:platinum__2V5V_A_FMN_A_170:2V5V__FMN_A_170,2
platinum:platinum__2V8L_A_GLC_A_1108:2V8L__GLC_A_1108,2
platinum:platinum__2V8L_A_GLC_A_1108:2V8L__GLC_A_1108,2
platinum:platinum__2V8L_A_GLC_A_1108:2V8L__GLC_A_1108,2
platinum:platinum__2V8L_A_GLC_A_1108:2V8L__GLC_A_1108,2
platinum:platinum__2V8L_A_GLC_A_1108:2V8L__GLC_A_1108,1
platinum:platinum__2V8L_A_GLC_A_1108:2V8L__GLC_A_1108,2
platinum:platinum__2V8L_A_GLC_A_1108:2V8L__GLC_A_1108,2
platinum:platinum__2V8L_A_GLC_A_1108:2V8L__GLC_A_1108,2
platinum:platinum__2V8L_A_GLC_A_1108:2V8L__GLC_A_1108,2
platinum:platinum__2V8L_A_GLC_A_1108:2V8L__GLC_A_1108,2
platinum:platinum__2V8L_A_GLC_A_1108:2V8L__GLC_A_1108,2
platinum:platinum__2V8L_A_GLC_A_1108:2V8L__GLC_A_1108,2
platinum:platinum__2V8L_A_GLC_A_1108:2V8L__GLC_A_1108,2
platinum:platinum__2VQZ_A_MGT_A_1483:2VQZ__MGT_A_1483,1
platinum:platinum__2VQZ_A_MGT_A_1483:2VQZ__MGT_A_1483,1
platinum:platinum__2VQZ_A_MGT_A_1483:2VQZ__MGT_A_1483,2
platinum:platinum__2VQZ_A_MGT_A_1483:2VQZ__MGT_A_1483,1
platinum:platinum__2VWC_A_BC2_A_1215:2VWC__BC2_A_1215,1
platinum:platinum__2VZ7_A_PXI_A_1408:2VZ7__PXI_A_1408,1
platinum:platinum__2VZM_A_NRB_A_1408:2VZM__NRB_A_1408,1
platinum:platinum__2VZM_A_NRB_A_1408:2VZM__NRB_A_1408,1
platinum:platinum__2W3A_A_NDP_A_1188:2W3A__NDP_A_1188,2
platinum:platinum__2W3A_A_NDP_A_1188:2W3A__NDP_A_1188,2
platinum:platinum__2W3A_A_TOP_A_1190:2W3A__TOP_A_1190,2
platinum:platinum__2W3A_A_TOP_A_1190:2W3A__TOP_A_1190,2
platinum:platinum__2Z4O_A_065_B_404:2Z4O__065_B_404,1
platinum:platinum__2Z4O_A_065_B_404:2Z4O__065_B_404,1
platinum:platinum__2Z4O_A_065_B_404:2Z4O__065_B_404,1
platinum:platinum__2Z4O_A_065_B_404:2Z4O__065_B_404,1
platinum:platinum__2ZGA_A_YDP_B_2501:2ZGA__YDP_B_2501,1
platinum:platinum__2ZGA_A_YDP_B_2501:2ZGA__YDP_B_2501,1
platinum:platinum__3AH4_B_GAL_B_2000:3AH4__GAL_B_2000,1
platinum:platinum__3AH4_B_GAL_B_2000:3AH4__GAL_B_2000,1
platinum:platinum__3AJ5_A_NGA_A_2000:3AJ5__NGA_A_2000,1
platinum:platinum__3AJ5_A_NGA_A_2000:3AJ5__NGA_A_2000,1
platinum:platinum__3AM3_A_TCL_A_802:3AM3__TCL_A_802,1
platinum:platinum__3AQT_A_RCO_A_230:3AQT__RCO_A_230,1
platinum:platinum__3AQT_A_RCO_A_230:3AQT__RCO_A_230,1
platinum:platinum__3AQT_A_RCO_A_230:3AQT__RCO_A_230,1
platinum:platinum__3BKK_A_KAF_A_704:3BKK__KAF_A_704,1
platinum:platinum__3BKK_A_KAF_A_704:3BKK__KAF_A_704,1
platinum:platinum__3BKK_A_KAF_A_704:3BKK__KAF_A_704,1
platinum:platinum__3BKK_A_KAF_A_704:3BKK__KAF_A_704,1
platinum:platinum__3BKK_A_KAF_A_704:3BKK__KAF_A_704,1
platinum:platinum__3BKL_A_KAW_A_800:3BKL__KAW_A_800,1
platinum:platinum__3BKL_A_KAW_A_800:3BKL__KAW_A_800,1
platinum:platinum__3BKL_A_KAW_A_800:3BKL__KAW_A_800,1
platinum:platinum__3BKL_A_KAW_A_800:3BKL__KAW_A_800,1
platinum:platinum__3BKL_A_KAW_A_800:3BKL__KAW_A_800,1
platinum:platinum__3BKL_A_KAW_A_800:3BKL__KAW_A_800,1
platinum:platinum__3BKL_A_KAW_A_800:3BKL__KAW_A_800,1
platinum:platinum__3BKL_A_KAW_A_800:3BKL__KAW_A_800,1
platinum:platinum__3BKL_A_KAW_A_800:3BKL__KAW_A_800,1
platinum:platinum__3C3U_A_C2U_A_351:3C3U__C2U_A_351,1
platinum:platinum__3C3U_A_C2U_A_351:3C3U__C2U_A_351,2
platinum:platinum__3C3U_A_C2U_A_351:3C3U__C2U_A_351,3
platinum:platinum__3C3U_A_C2U_A_351:3C3U__C2U_A_351,2
platinum:platinum__3C3U_A_C2U_A_351:3C3U__C2U_A_351,2
platinum:platinum__3DGL_A_ATP_A_81:3DGL__ATP_A_81,1
platinum:platinum__3DGN_A_ADP_A_81:3DGN__ADP_A_81,1
platinum:platinum__3DT4_A_OXL_A_1000:3DT4__OXL_A_1000,1
platinum:platinum__3DT7_A_SPV_A_900:3DT7__SPV_A_900,1
platinum:platinum__3DTB_A_PGA_A_900:3DTB__PGA_A_900,1
platinum:platinum__3E2Q_A_HYP_A_1:3E2Q__HYP_A_1,1
platinum:platinum__3E2R_A_TFB_A_2002:3E2R__TFB_A_2002,1
platinum:platinum__3E2S_A_PRO_A_1:3E2S__PRO_A_1,1
platinum:platinum__3E9B_A_S2C_A_502:3E9B__S2C_A_502,1
platinum:platinum__3EBS_A_N4E_A_1:3EBS__N4E_A_1,1
platinum:platinum__3EBS_A_N4E_A_1:3EBS__N4E_A_1,1
platinum:platinum__3EEB_A_IHP_A_210:3EEB__IHP_A_210,1
platinum:platinum__3EEB_A_IHP_A_210:3EEB__IHP_A_210,1
platinum:platinum__3EEB_A_IHP_A_210:3EEB__IHP_A_210,2
platinum:platinum__3EEB_A_IHP_A_210:3EEB__IHP_A_210,1
platinum:platinum__3EEB_A_IHP_A_210:3EEB__IHP_A_210,1
platinum:platinum__3EEB_A_IHP_A_210:3EEB__IHP_A_210,1
platinum:platinum__3EEB_A_IHP_A_210:3EEB__IHP_A_210,2
platinum:platinum__3EEB_A_IHP_A_210:3EEB__IHP_A_210,1
platinum:platinum__3EIG_A_MTX_A_200:3EIG__MTX_A_200,1
platinum:platinum__3EIG_A_MTX_A_200:3EIG__MTX_A_200,1
platinum:platinum__3FQL_A_79Z_A_571:3FQL__79Z_A_571,1
platinum:platinum__3FQL_A_79Z_A_571:3FQL__79Z_A_571,1
platinum:platinum__3FQL_A_79Z_A_571:3FQL__79Z_A_571,1
platinum:platinum__3FQL_A_79Z_A_571:3FQL__79Z_A_571,1
platinum:platinum__3FRE_X_TOP_X_300:3FRE__TOP_X_300,2
platinum:platinum__3FRF_X_XCF_X_300:3FRF__XCF_X_300,2
platinum:platinum__3FS6_A_DH1_A_187:3FS6__DH1_A_187,2
platinum:platinum__3FS6_A_DH1_A_187:3FS6__DH1_A_187,2
platinum:platinum__3FYV_X_XCF_X_300:3FYV__XCF_X_300,1
platinum:platinum__3FYW_X_XCF_X_300:3FYW__XCF_X_300,1
platinum:platinum__3G0E_A_B49_A_9000:3G0E__B49_A_9000,1
platinum:platinum__3G0E_A_B49_A_9000:3G0E__B49_A_9000,2
platinum:platinum__3H2K_A_BOG_A_398:3H2K__BOG_A_398,1
platinum:platinum__3H2K_A_BOG_A_398:3H2K__BOG_A_398,1
platinum:platinum__3H2K_A_BOG_A_398:3H2K__BOG_A_398,1
platinum:platinum__3H2K_A_BOG_A_398:3H2K__BOG_A_398,3
platinum:platinum__3HY8_A_FMN_A_390:3HY8__FMN_A_390,1
platinum:platinum__3I73_A_ADP_A_589:3I73__ADP_A_589,1
platinum:platinum__3I8A_X_N22_X_219:3I8A__N22_X_219,1
platinum:platinum__3IJW_A_ACO_A_266:3IJW__ACO_A_266,2
platinum:platinum__3KYF_A_5GP_A_503:3KYF__5GP_A_503,1
platinum:platinum__3KYF_A_5GP_A_503:3KYF__5GP_A_503,2
platinum:platinum__3KYF_A_5GP_A_503:3KYF__5GP_A_503,1
platinum:platinum__3LZS_A_017_A_200:3LZS__017_A_200,1
platinum:platinum__3MDM_A_FJZ_A_506:3MDM__FJZ_A_506,1
platinum:platinum__3MDR_A_GJZ_A_506:3MDR__GJZ_A_506,1
platinum:platinum__3MDT_A_VOR_A_506:3MDT__VOR_A_506,1
platinum:platinum__3MDV_A_CL6_A_506:3MDV__CL6_A_506,1
platinum:platinum__3MI3_A_LYS_A_1000:3MI3__LYS_A_1000,1
platinum:platinum__3MI3_A_LYS_A_1000:3MI3__LYS_A_1000,1
platinum:platinum__3MI3_A_LYS_A_1000:3MI3__LYS_A_1000,1
platinum:platinum__3N0H_A_TOP_A_187:3N0H__TOP_A_187,1
platinum:platinum__3N0H_A_TOP_A_187:3N0H__TOP_A_187,1
platinum:platinum__3NTY_A_5P3_A_350:3NTY__5P3_A_350,1
platinum:platinum__3NTY_A_5P3_A_350:3NTY__5P3_A_350,2
platinum:platinum__3NTY_A_5P3_A_350:3NTY__5P3_A_350,2
platinum:platinum__3NTY_A_5P3_A_350:3NTY__5P3_A_350,1
platinum:platinum__3NU3_A_478_B_401:3NU3__478_B_401,1
platinum:platinum__3NU3_A_478_B_401:3NU3__478_B_401,1
platinum:platinum__3NU3_A_478_B_401:3NU3__478_B_401,2
platinum:platinum__3NU3_A_478_B_401:3NU3__478_B_401,1
platinum:platinum__3NU3_A_478_B_401:3NU3__478_B_401,1
platinum:platinum__3OKC_A_GDP_A_601:3OKC__GDP_A_601,1
platinum:platinum__3OKC_A_GDP_A_601:3OKC__GDP_A_601,1
platinum:platinum__3OKC_A_GDP_A_601:3OKC__GDP_A_601,1
platinum:platinum__3OKC_A_GDP_A_601:3OKC__GDP_A_601,2
platinum:platinum__3OKC_A_GDP_A_601:3OKC__GDP_A_601,1
platinum:platinum__3OKC_A_GDP_A_601:3OKC__GDP_A_601,1
platinum:platinum__3OKC_A_GDP_A_601:3OKC__GDP_A_601,1
platinum:platinum__3OKC_A_GDP_A_601:3OKC__GDP_A_601,2
platinum:platinum__3OKC_A_GDP_A_601:3OKC__GDP_A_601,1
platinum:platinum__3OKC_A_GDP_A_601:3OKC__GDP_A_601,1
platinum:platinum__3OKC_A_GDP_A_601:3OKC__GDP_A_601,1
platinum:platinum__3OKC_A_GDP_A_601:3OKC__GDP_A_601,2
platinum:platinum__3OKC_A_GDP_A_601:3OKC__GDP_A_601,1
platinum:platinum__3OKP_A_GDD_A_601:3OKP__GDD_A_601,1
platinum:platinum__3OKP_A_GDD_A_601:3OKP__GDD_A_601,1
platinum:platinum__3OKP_A_GDD_A_601:3OKP__GDD_A_601,1
platinum:platinum__3OKP_A_GDD_A_601:3OKP__GDD_A_601,2
platinum:platinum__3OKP_A_GDD_A_601:3OKP__GDD_A_601,1
platinum:platinum__3OKP_A_GDD_A_601:3OKP__GDD_A_601,1
platinum:platinum__3OKP_A_GDD_A_601:3OKP__GDD_A_601,1
platinum:platinum__3OKP_A_GDD_A_601:3OKP__GDD_A_601,2
platinum:platinum__3OKP_A_GDD_A_601:3OKP__GDD_A_601,1
platinum:platinum__3OKP_A_GDD_A_601:3OKP__GDD_A_601,1
platinum:platinum__3OKP_A_GDD_A_601:3OKP__GDD_A_601,1
platinum:platinum__3OKP_A_GDD_A_601:3OKP__GDD_A_601,2
platinum:platinum__3OKP_A_GDD_A_601:3OKP__GDD_A_601,1
platinum:platinum__3OXC_A_ROC_A_401:3OXC__ROC_A_401,1
platinum:platinum__3OXC_A_ROC_A_401:3OXC__ROC_A_401,1
platinum:platinum__3OXC_A_ROC_A_401:3OXC__ROC_A_401,2
platinum:platinum__3OXC_A_ROC_A_401:3OXC__ROC_A_401,1
platinum:platinum__3OXC_A_ROC_A_401:3OXC__ROC_A_401,1
platinum:platinum__3PCA_I_DHB_I_550:3PCA__DHB_I_550,2
platinum:platinum__3QFX_A_CP6_A_602:3QFX__CP6_A_602,2
platinum:platinum__3QGT_A_CP6_A_609:3QGT__CP6_A_609,2
platinum:platinum__3QGT_A_CP6_A_609:3QGT__CP6_A_609,3
platinum:platinum__3RG9_A_WRA_A_602:3RG9__WRA_A_602,2
platinum:platinum__3RY2_A_BTN_A_5001:3RY2__BTN_A_5001,1
platinum:platinum__3S3V_A_TOP_A_187:3S3V__TOP_A_187,1
platinum:platinum__3S3V_A_TOP_A_187:3S3V__TOP_A_187,1
platinum:platinum__3TKW_A_017_B_401:3TKW__017_B_401,1
platinum:platinum__3TKW_A_017_B_401:3TKW__017_B_401,1
platinum:platinum__3TKW_A_017_B_401:3TKW__017_B_401,2
platinum:platinum__3UJ9_A_PC_A_301:3UJ9__PC_A_301,1
platinum:platinum__3UJ9_A_PC_A_301:3UJ9__PC_A_301,1
platinum:platinum__3UJB_A_SAH_A_502:3UJB__SAH_A_502,1
platinum:platinum__3UJB_A_SAH_A_502:3UJB__SAH_A_502,1
platinum:platinum__3UM8_A_1CY_A_609:3UM8__1CY_A_609,2
platinum:platinum__3UM8_A_1CY_A_609:3UM8__1CY_A_609,3
platinum:platinum__3ZY2_A_GDP_A_1381:3ZY2__GDP_A_1381,1
platinum:platinum__3ZY2_A_GDP_A_1381:3ZY2__GDP_A_1381,1
platinum:platinum__3ZY2_A_GDP_A_1381:3ZY2__GDP_A_1381,1
platinum:platinum__3ZY2_A_GDP_A_1381:3ZY2__GDP_A_1381,1
platinum:platinum__3ZY2_A_GDP_A_1381:3ZY2__GDP_A_1381,1
platinum:platinum__3ZY2_A_GDP_A_1381:3ZY2__GDP_A_1381,1
platinum:platinum__3ZY2_A_GDP_A_1381:3ZY2__GDP_A_1381,1
platinum:platinum__3ZY2_A_GDP_A_1381:3ZY2__GDP_A_1381,1
platinum:platinum__3ZY2_A_GDP_A_1381:3ZY2__GDP_A_1381,1
platinum:platinum__4B7J_A_G39_A_1470:4B7J__G39_A_1470,1
platinum:platinum__4B7N_A_ZMR_A_601:4B7N__ZMR_A_601,1
