subset,method,estimate,sd
all,Distance,0.5293107215058761,0.0
all,Fixed fusion,0.5003043029739589,0.0
all,LAIGN,0.49494750978116014,0.0027810605292133373
no exact PDB,Distance,0.527830943780165,0.0
no exact PDB,Fixed fusion,0.5049998774146615,0.0
no exact PDB,LAIGN,0.5049929390829138,0.002395714747072744
no exact UniProt,Distance,0.397067191943053,0.0
no exact UniProt,Fixed fusion,0.4073303490403,0.0
no exact UniProt,LAIGN,0.4149888254085674,0.003407933232914186
sequence identity <30%,Distance,0.3516173641173641,0.0
sequence identity <30%,Fixed fusion,0.4505392268550163,0.0
sequence identity <30%,LAIGN,0.455976430976431,0.01603750747748964
sequence identity <70%,Distance,0.3491530522236779,0.0
sequence identity <70%,Fixed fusion,0.39225793902768896,0.0
sequence identity <70%,LAIGN,0.3954443124165261,0.0012485784461331595
