sample_id,LAIGN,Fixed fusion,Distance,Raw interaction,ProLIF,PLIP
platinum:platinum__1AMW_A_ADP_A_300:1AMW__ADP_A_300,0.0,0.0,0.0,0.0,0.0,0.0
platinum:platinum__1B74_A_DGN_A_538:1B74__DGN_A_538,0.0,0.0,0.0,0.0,0.0,0.0
platinum:platinum__1BV9_A_XV6_A_638:1BV9__XV6_A_638,1.0,1.0,1.0,1.0,1.0,1.0
platinum:platinum__1DLR_A_MXA_A_188:1DLR__MXA_A_188,1.0,1.0,1.0,1.0,1.0,1.0
platinum:platinum__1FLM_A_FMN_A_123:1FLM__FMN_A_123,0.0,0.0,0.0,0.0,0.0,0.0
platinum:platinum__1FLV_A_FMN_A_170:1FLV__FMN_A_170,1.0,1.0,0.0,1.0,1.0,1.0
platinum:platinum__1G6S_A_GPJ_A_701:1G6S__GPJ_A_701,0.0,0.0,0.0,0.0,0.0,0.5
platinum:platinum__1GNO_A_U0E_B_101:1GNO__U0E_B_101,1.0,1.0,1.0,1.0,1.0,1.0
platinum:platinum__1HLD_A_PFB_A_1001:1HLD__PFB_A_1001,1.0,1.0,1.0,1.0,1.0,1.0
platinum:platinum__1HNN_A_SKF_A_3001:1HNN__SKF_A_3001,1.0,1.0,1.0,0.6666666666666666,0.6666666666666666,0.6666666666666666
platinum:platinum__1IYK_A_MIM_A_502:1IYK__MIM_A_502,0.4000000000000001,0.5,0.5,0.4000000000000001,0.3,0.4000000000000001
platinum:platinum__1J3I_A_WRA_A_609:1J3I__WRA_A_609,1.0,0.0,0.0,0.0,0.0,0.0
platinum:platinum__1K3L_A_GTX_A_5100:1K3L__GTX_A_5100,0.0,0.0,0.0,0.0,0.0,0.0
platinum:platinum__1KDK_A_DHT_A_301:1KDK__DHT_A_301,0.0,0.0,0.0,0.0,0.0,0.0
platinum:platinum__1L7E_A_NAI_A_701:1L7E__NAI_A_701,1.0,1.0,1.0,1.0,1.0,1.0
platinum:platinum__1MAR_A_ZST_A_351:1MAR__ZST_A_351,0.2222222222222222,0.0,0.5,0.0,0.0,0.0
platinum:platinum__1N7I_A_LY1_A_3002:1N7I__LY1_A_3002,1.0,1.0,0.6666666666666666,0.3333333333333333,0.3333333333333333,0.0
platinum:platinum__1N7J_A_IDI_A_3003:1N7J__IDI_A_3003,1.0,0.6666666666666666,0.6666666666666666,0.6666666666666666,0.3333333333333333,0.0
platinum:platinum__1N92_A_NAJ_A_377:1N92__NAJ_A_377,1.0,0.5,0.5,0.5,1.0,0.5
platinum:platinum__1NJB_A_UMP_A_317:1NJB__UMP_A_317,0.0,0.0,0.0,0.0,0.0,0.0
platinum:platinum__1OSS_A_BEN_A_246:1OSS__BEN_A_246,1.0,1.0,1.0,1.0,1.0,0.0
platinum:platinum__1P6H_A_DP1_A_790:1P6H__DP1_A_790,0.0,1.0,0.0,0.0,0.0,0.0
platinum:platinum__1P6J_A_DP9_A_799:1P6J__DP9_A_799,1.0,1.0,0.0,0.0,0.0,0.0
platinum:platinum__1P7T_A_ACO_A_800:1P7T__ACO_A_800,1.0,1.0,1.0,1.0,0.0,1.0
platinum:platinum__1PWM_A_FID_A_1320:1PWM__FID_A_1320,0.3333333333333333,0.3333333333333333,0.3333333333333333,0.3333333333333333,0.3333333333333333,0.3333333333333333
platinum:platinum__1QY1_A_PRZ_A_300:1QY1__PRZ_A_300,1.0,1.0,1.0,1.0,1.0,0.0
platinum:platinum__1RTD_A_TTP_A_700:1RTD__TTP_A_700,1.0,1.0,1.0,1.0,1.0,1.0
platinum:platinum__1SYH_A_CPW_A_501:1SYH__CPW_A_501,1.0,0.0,0.0,0.0,0.0,0.0
platinum:platinum__1THY_A_UMP_A_317:1THY__UMP_A_317,1.0,1.0,1.0,1.0,1.0,1.0
platinum:platinum__1TPH_1_PGH_1_250:1TPH__PGH_1_250,0.0,0.0,0.0,0.0,0.0,0.0
platinum:platinum__1TSL_A_A15_A_318:1TSL__A15_A_318,0.5,0.5,0.5,0.5,0.5,0.5
platinum:platinum__1TSM_A_MR2_A_318:1TSM__MR2_A_318,0.0,0.0,0.0,0.0,0.0,0.0
platinum:platinum__1U5B_A_TDP_A_601:1U5B__TDP_A_601,0.0,0.0,0.0,0.0,0.0,0.0
platinum:platinum__1U72_A_MTX_A_188:1U72__MTX_A_188,0.0,0.0,0.0,0.0,0.0,0.0
platinum:platinum__1US0_A_LDT_A_320:1US0__LDT_A_320,0.0,0.0,1.0,0.0,1.0,0.0
platinum:platinum__1W4Q_A_UMF_A_1125:1W4Q__UMF_A_1125,1.0,1.0,1.0,1.0,1.0,1.0
platinum:platinum__1W96_A_S1A_A_1567:1W96__S1A_A_1567,0.25,0.25,0.25,0.25,0.25,0.25
platinum:platinum__1WCQ_A_DAN_A_1651:1WCQ__DAN_A_1651,1.0,1.0,1.0,1.0,1.0,1.0
platinum:platinum__1YON_A_APX_A_501:1YON__APX_A_501,0.0,0.0,0.0,0.0,0.0,0.0
platinum:platinum__1YZ3_A_SKA_A_3001:1YZ3__SKA_A_3001,0.75,0.5,1.0,0.5,0.5,0.25
platinum:platinum__2AMA_A_DHT_A_1001:2AMA__DHT_A_1001,0.0,0.0,0.0,0.0,0.0,0.0
platinum:platinum__2AOD_A_2NC_B_400:2AOD__2NC_B_400,1.0,1.0,0.0,1.0,1.0,0.0
platinum:platinum__2BMK_B_PDD_B_1217:2BMK__PDD_B_1217,1.0,1.0,1.0,1.0,1.0,1.0
platinum:platinum__2BPX_A_MK1_B_902:2BPX__MK1_B_902,0.0,0.0,0.0,0.0,0.0,0.0
platinum:platinum__2CA8_A_GSH_A_1212:2CA8__GSH_A_1212,0.0,1.0,0.0,0.0,0.0,0.0
platinum:platinum__2CC7_A_LUM_A_1068:2CC7__LUM_A_1068,0.0,0.0,0.0,0.0,0.0,0.0
platinum:platinum__2CCB_A_RBF_A_1067:2CCB__RBF_A_1067,0.0,0.0,0.0,0.0,0.0,0.0
platinum:platinum__2DOR_A_ORO_A_313:2DOR__ORO_A_313,0.6666666666666666,0.6666666666666666,0.6666666666666666,0.6666666666666666,0.6666666666666666,0.6666666666666666
platinum:platinum__2E7F_A_C2F_A_3000:2E7F__C2F_A_3000,1.0,1.0,1.0,1.0,1.0,1.0
platinum:platinum__2G70_A_HNT_A_5001:2G70__HNT_A_5001,1.0,1.0,1.0,1.0,0.0,0.0
platinum:platinum__2H4N_A_AZM_A_264:2H4N__AZM_A_264,1.0,1.0,1.0,1.0,0.0,1.0
platinum:platinum__2HA0_A_CHH_A_1602:2HA0__CHH_A_1602,0.0,0.0,0.0,0.0,0.0,0.0
platinum:platinum__2II4_A_COA_A_500:2II4__COA_A_500,0.5,0.5,0.5,0.5,0.5,0.5
platinum:platinum__2IKI_A_388_A_600:2IKI__388_A_600,0.5,0.5,1.0,0.0,1.0,0.5
platinum:platinum__2JBZ_A_COA_B_1126:2JBZ__COA_B_1126,1.0,1.0,1.0,1.0,1.0,1.0
platinum:platinum__2O2Q_A_NAP_A_903:2O2Q__NAP_A_903,0.0,0.0,1.0,0.0,1.0,0.0
platinum:platinum__2PDG_A_47D_A_600:2PDG__47D_A_600,0.20000000000000004,0.20000000000000004,0.4000000000000001,0.20000000000000004,0.6,0.20000000000000004
platinum:platinum__2PQL_A_TSS_A_145:2PQL__TSS_A_145,0.5,0.5,0.5,0.0,0.5,0.5
platinum:platinum__2PZN_A_393_A_320:2PZN__393_A_320,0.20000000000000004,0.20000000000000004,0.4000000000000001,0.20000000000000004,0.20000000000000004,0.20000000000000004
platinum:platinum__2Q2A_A_ARG_A_904:2Q2A__ARG_A_904,0.5,0.5,1.0,0.5,0.5,1.0
platinum:platinum__2Q64_A_1UN_B_1001:2Q64__1UN_B_1001,0.0,0.0,0.0,0.0,0.0,0.0
platinum:platinum__2Q88_A_4CS_A_501:2Q88__4CS_A_501,1.0,1.0,1.0,0.5,1.0,0.5
platinum:platinum__2Q89_A_6CS_A_501:2Q89__6CS_A_501,1.0,1.0,1.0,0.6666666666666666,1.0,1.0
platinum:platinum__2QEH_A_SRO_A_145:2QEH__SRO_A_145,0.75,0.75,0.75,0.75,0.75,0.5
platinum:platinum__2R5P_A_MK1_B_902:2R5P__MK1_B_902,0.0,0.0,0.0,0.0,0.0,0.0
platinum:platinum__2R5Q_A_1UN_B_900:2R5Q__1UN_B_900,1.0,1.0,0.0,0.0,0.0,0.0
platinum:platinum__2TDM_A_UMP_A_317:2TDM__UMP_A_317,0.0,0.0,0.0,0.0,0.0,0.0
platinum:platinum__2V8L_A_GLC_A_1108:2V8L__GLC_A_1108,0.6666666666666666,0.3333333333333333,0.6666666666666666,0.3333333333333333,0.0,0.3333333333333333
platinum:platinum__2VQZ_A_MGT_A_1483:2VQZ__MGT_A_1483,1.0,1.0,1.0,1.0,1.0,0.0
platinum:platinum__2VZ7_A_PXI_A_1408:2VZ7__PXI_A_1408,0.0,0.0,1.0,0.0,0.0,0.0
platinum:platinum__2Z4O_A_065_B_404:2Z4O__065_B_404,0.5,0.5,0.5,0.5,0.5,0.5
platinum:platinum__2ZGA_A_YDP_B_2501:2ZGA__YDP_B_2501,1.0,1.0,1.0,1.0,1.0,1.0
platinum:platinum__3AQT_A_RCO_A_230:3AQT__RCO_A_230,0.4444444444444444,0.6666666666666666,0.3333333333333333,0.0,0.0,0.0
platinum:platinum__3BKK_A_KAF_A_704:3BKK__KAF_A_704,1.0,1.0,0.0,1.0,1.0,1.0
platinum:platinum__3BKL_A_KAW_A_800:3BKL__KAW_A_800,1.0,1.0,0.0,1.0,0.5,0.5
platinum:platinum__3C3U_A_C2U_A_351:3C3U__C2U_A_351,1.0,0.75,1.0,0.5,0.5,0.75
platinum:platinum__3DGN_A_ADP_A_81:3DGN__ADP_A_81,1.0,1.0,1.0,1.0,1.0,1.0
platinum:platinum__3DT4_A_OXL_A_1000:3DT4__OXL_A_1000,1.0,0.0,1.0,0.0,0.0,0.0
platinum:platinum__3EEB_A_IHP_A_210:3EEB__IHP_A_210,0.25,0.25,0.25,0.25,0.0,0.25
platinum:platinum__3FQL_A_79Z_A_571:3FQL__79Z_A_571,0.0,0.0,1.0,0.0,0.0,0.0
platinum:platinum__3FRE_X_TOP_X_300:3FRE__TOP_X_300,0.0,0.0,0.0,0.0,0.0,0.0
platinum:platinum__3FRF_X_XCF_X_300:3FRF__XCF_X_300,0.0,0.0,0.0,0.0,0.0,0.0
platinum:platinum__3FYV_X_XCF_X_300:3FYV__XCF_X_300,0.0,0.0,0.0,0.0,0.0,0.0
platinum:platinum__3H2K_A_BOG_A_398:3H2K__BOG_A_398,0.3333333333333333,0.0,1.0,0.0,1.0,0.0
platinum:platinum__3KYF_A_5GP_A_503:3KYF__5GP_A_503,0.0,0.0,0.0,1.0,0.0,0.0
platinum:platinum__3LZS_A_017_A_200:3LZS__017_A_200,0.0,0.0,0.0,0.0,0.0,0.0
platinum:platinum__3MI3_A_LYS_A_1000:3MI3__LYS_A_1000,0.3333333333333333,0.3333333333333333,0.3333333333333333,0.3333333333333333,0.3333333333333333,0.3333333333333333
platinum:platinum__3NTY_A_5P3_A_350:3NTY__5P3_A_350,1.0,0.5,1.0,0.5,0.5,0.5
platinum:platinum__3NU3_A_478_B_401:3NU3__478_B_401,0.6666666666666666,0.6666666666666666,0.6666666666666666,0.6666666666666666,0.0,0.6666666666666666
platinum:platinum__3OKC_A_GDP_A_601:3OKC__GDP_A_601,1.0,1.0,0.0,1.0,0.0,0.0
platinum:platinum__3OXC_A_ROC_A_401:3OXC__ROC_A_401,0.6666666666666666,0.6666666666666666,0.6666666666666666,0.6666666666666666,0.3333333333333333,0.3333333333333333
platinum:platinum__3PCA_I_DHB_I_550:3PCA__DHB_I_550,1.0,1.0,1.0,0.0,0.0,0.0
platinum:platinum__3QFX_A_CP6_A_602:3QFX__CP6_A_602,1.0,1.0,1.0,1.0,1.0,1.0
platinum:platinum__3QGT_A_CP6_A_609:3QGT__CP6_A_609,0.0,0.0,0.5,0.0,0.5,0.0
platinum:platinum__3TKW_A_017_B_401:3TKW__017_B_401,0.6666666666666666,0.3333333333333333,0.6666666666666666,0.0,0.6666666666666666,0.0
platinum:platinum__3UM8_A_1CY_A_609:3UM8__1CY_A_609,0.5,0.5,1.0,0.5,0.5,0.5
platinum:platinum__3ZY2_A_GDP_A_1381:3ZY2__GDP_A_1381,1.0,1.0,0.6666666666666666,1.0,0.3333333333333333,1.0
platinum:platinum__4B7J_A_G39_A_1470:4B7J__G39_A_1470,0.0,0.0,0.0,0.0,0.0,0.0
