bin,method,n,estimate,ci_low,ci_high
"[0.00,0.30)",LAIGN,125,0.9514534815700382,0.938090752389494,0.9634404649954418
"[0.30,0.50)",LAIGN,165,0.9481818887843756,0.9360873787320645,0.9593722793354328
"[0.50,0.70)",LAIGN,46,0.9551094803303827,0.9334833866456334,0.9734459684458149
"[0.70,1.00]",LAIGN,437,0.9569287171080493,0.9510031341262404,0.96233707742405
"[0.00,0.30)",Fixed fusion,125,0.9168934984650466,0.8946752248119726,0.9374141849451939
"[0.30,0.50)",Fixed fusion,165,0.9271923170255731,0.9124129093211433,0.9411447640269685
"[0.50,0.70)",Fixed fusion,46,0.9213464423887039,0.8816958318835658,0.9539676965296743
"[0.70,1.00]",Fixed fusion,437,0.9388712715152968,0.9313543172267441,0.9460582254058401
"[0.00,0.30)",Distance,125,0.6745266143843918,0.6410694644692961,0.7068937247066035
"[0.30,0.50)",Distance,165,0.7323393276962759,0.7034912439040794,0.7602686176721867
"[0.50,0.70)",Distance,46,0.6986785741183994,0.636833153251118,0.75912821915101
"[0.70,1.00]",Distance,437,0.7936381176830477,0.7797360488769826,0.8069885614542067
