run,threshold_kcal_mol,method,complexes_with_disruptive_site,recall_at_5_all_residues,recall_at_10_all_residues,hit_at_5_all_residues,hit_at_10_all_residues
0,0.5,LAIGN,124,0.27260575446059315,0.482761727519792,0.4112903225806452,0.6370967741935484
0,0.5,fixed fusion,124,0.2960179605340895,0.45083599196502416,0.4274193548387097,0.6129032258064516
0,0.5,distance,124,0.2820896845090393,0.4852313009571074,0.4274193548387097,0.6129032258064516
0,0.5,raw interaction,124,0.26663417227933356,0.35747370908661236,0.3951612903225806,0.5080645161290323
0,0.5,PLIP count,124,0.22424376698570245,0.3408070424199456,0.3709677419354839,0.5
0,0.5,ProLIF count,124,0.22056303911142622,0.3365059671511284,0.3629032258064516,0.46774193548387094
0,1.0,LAIGN,98,0.2891156462585034,0.5285714285714286,0.42857142857142855,0.6530612244897959
0,1.0,fixed fusion,98,0.319047619047619,0.495578231292517,0.4489795918367347,0.6326530612244898
0,1.0,distance,98,0.33707482993197285,0.5039115646258503,0.4897959183673469,0.6224489795918368
0,1.0,raw interaction,98,0.2797619047619047,0.4120748299319728,0.3979591836734694,0.5510204081632653
0,1.0,PLIP count,98,0.23537414965986395,0.3431972789115646,0.3673469387755102,0.4897959183673469
0,1.0,ProLIF count,98,0.2947278911564626,0.40408163265306124,0.4387755102040816,0.5408163265306123
0,2.0,LAIGN,46,0.32608695652173914,0.6467391304347826,0.45652173913043476,0.717391304347826
0,2.0,fixed fusion,46,0.32789855072463764,0.621376811594203,0.43478260869565216,0.6956521739130435
0,2.0,distance,46,0.375,0.592391304347826,0.4782608695652174,0.6956521739130435
0,2.0,raw interaction,46,0.2971014492753623,0.43297101449275355,0.3695652173913043,0.5217391304347826
0,2.0,PLIP count,46,0.30072463768115937,0.4275362318840579,0.41304347826086957,0.5217391304347826
0,2.0,ProLIF count,46,0.29891304347826086,0.3931159420289855,0.45652173913043476,0.5
1,0.5,LAIGN,124,0.29276704478317384,0.4951273189176415,0.4274193548387097,0.6451612903225806
1,0.5,fixed fusion,124,0.2960179605340895,0.45083599196502416,0.4274193548387097,0.6129032258064516
1,0.5,distance,124,0.2820896845090393,0.4852313009571074,0.4274193548387097,0.6129032258064516
1,0.5,raw interaction,124,0.26663417227933356,0.35747370908661236,0.3951612903225806,0.5080645161290323
1,0.5,PLIP count,124,0.22424376698570245,0.3408070424199456,0.3709677419354839,0.5
1,0.5,ProLIF count,124,0.22056303911142622,0.3365059671511284,0.3629032258064516,0.46774193548387094
1,1.0,LAIGN,98,0.3180272108843537,0.5421768707482993,0.45918367346938777,0.6632653061224489
1,1.0,fixed fusion,98,0.319047619047619,0.495578231292517,0.4489795918367347,0.6326530612244898
1,1.0,distance,98,0.33707482993197285,0.5039115646258503,0.4897959183673469,0.6224489795918368
1,1.0,raw interaction,98,0.2797619047619047,0.4120748299319728,0.3979591836734694,0.5510204081632653
1,1.0,PLIP count,98,0.23537414965986395,0.3431972789115646,0.3673469387755102,0.4897959183673469
1,1.0,ProLIF count,98,0.2947278911564626,0.40408163265306124,0.4387755102040816,0.5408163265306123
1,2.0,LAIGN,46,0.3804347826086957,0.6467391304347826,0.5,0.717391304347826
1,2.0,fixed fusion,46,0.32789855072463764,0.621376811594203,0.43478260869565216,0.6956521739130435
1,2.0,distance,46,0.375,0.592391304347826,0.4782608695652174,0.6956521739130435
1,2.0,raw interaction,46,0.2971014492753623,0.43297101449275355,0.3695652173913043,0.5217391304347826
1,2.0,PLIP count,46,0.30072463768115937,0.4275362318840579,0.41304347826086957,0.5217391304347826
1,2.0,ProLIF count,46,0.29891304347826086,0.3931159420289855,0.45652173913043476,0.5
2,0.5,LAIGN,124,0.29209500177242115,0.48713960770412384,0.4274193548387097,0.6370967741935484
2,0.5,fixed fusion,124,0.2960179605340895,0.45083599196502416,0.4274193548387097,0.6129032258064516
2,0.5,distance,124,0.2820896845090393,0.4852313009571074,0.4274193548387097,0.6129032258064516
2,0.5,raw interaction,124,0.26663417227933356,0.35747370908661236,0.3951612903225806,0.5080645161290323
2,0.5,PLIP count,124,0.22424376698570245,0.3408070424199456,0.3709677419354839,0.5
2,0.5,ProLIF count,124,0.22056303911142622,0.3365059671511284,0.3629032258064516,0.46774193548387094
2,1.0,LAIGN,98,0.320578231292517,0.5302721088435375,0.45918367346938777,0.6530612244897959
2,1.0,fixed fusion,98,0.319047619047619,0.495578231292517,0.4489795918367347,0.6326530612244898
2,1.0,distance,98,0.33707482993197285,0.5039115646258503,0.4897959183673469,0.6224489795918368
2,1.0,raw interaction,98,0.2797619047619047,0.4120748299319728,0.3979591836734694,0.5510204081632653
2,1.0,PLIP count,98,0.23537414965986395,0.3431972789115646,0.3673469387755102,0.4897959183673469
2,1.0,ProLIF count,98,0.2947278911564626,0.40408163265306124,0.4387755102040816,0.5408163265306123
2,2.0,LAIGN,46,0.358695652173913,0.6467391304347826,0.4782608695652174,0.717391304347826
2,2.0,fixed fusion,46,0.32789855072463764,0.621376811594203,0.43478260869565216,0.6956521739130435
2,2.0,distance,46,0.375,0.592391304347826,0.4782608695652174,0.6956521739130435
2,2.0,raw interaction,46,0.2971014492753623,0.43297101449275355,0.3695652173913043,0.5217391304347826
2,2.0,PLIP count,46,0.30072463768115937,0.4275362318840579,0.41304347826086957,0.5217391304347826
2,2.0,ProLIF count,46,0.29891304347826086,0.3931159420289855,0.45652173913043476,0.5
